"Repository","Author","EmailMasked","Category","Language","CodeLines"
"Backend","hekmatyar_hj","1935***@163.com","Configuration","GITIGNORE","16"
"Backend","hekmatyar_hj","1935***@163.com","Configuration","XML","108"
"Backend","hekmatyar_hj","1935***@163.com","Configuration","YAML","138"
"Backend","hekmatyar_hj","1935***@163.com","JavaBusiness","Java","9211"
"Backend","hekmatyar_hj","1935***@163.com","JavaTest","Java","1456"
"Backend","hekmatyar_hj","1935***@163.com","Script","PowerShell","3493"
"Backend","hekmatyar_hj","1935***@163.com","Script","Shell","62"
"Backend","hekmatyar_hj","1935***@163.com","SqlMapper","SQL","504"
"Frontend","hekmatyar_hj","1935***@163.com","Configuration","EDITORCONFIG","22"
"Frontend","hekmatyar_hj","1935***@163.com","Configuration","EXAMPLE","2"
"Frontend","hekmatyar_hj","1935***@163.com","Configuration","GITATTRIBUTES","1"
"Frontend","hekmatyar_hj","1935***@163.com","Configuration","GITIGNORE","163"
"Frontend","hekmatyar_hj","1935***@163.com","Configuration","H","1"
"Frontend","hekmatyar_hj","1935***@163.com","Configuration","HTML","12"
"Frontend","hekmatyar_hj","1935***@163.com","Configuration","JSON","725"
"Frontend","hekmatyar_hj","1935***@163.com","Configuration","Kotlin","3"
"Frontend","hekmatyar_hj","1935***@163.com","Configuration","Kotlin Script","76"
"Frontend","hekmatyar_hj","1935***@163.com","Configuration","METADATA","28"
"Frontend","hekmatyar_hj","1935***@163.com","Configuration","Plist","112"
"Frontend","hekmatyar_hj","1935***@163.com","Configuration","Properties","10"
"Frontend","hekmatyar_hj","1935***@163.com","Configuration","STORYBOARD","63"
"Frontend","hekmatyar_hj","1935***@163.com","Configuration","SWIFT","25"
"Frontend","hekmatyar_hj","1935***@163.com","Configuration","TypeScript","56"
"Frontend","hekmatyar_hj","1935***@163.com","Configuration","Xcode Config","2"
"Frontend","hekmatyar_hj","1935***@163.com","Configuration","Xcode Project","627"
"Frontend","hekmatyar_hj","1935***@163.com","Configuration","XCSCHEME","119"
"Frontend","hekmatyar_hj","1935***@163.com","Configuration","XCSETTINGS","16"
"Frontend","hekmatyar_hj","1935***@163.com","Configuration","XCWORKSPACEDATA","14"
"Frontend","hekmatyar_hj","1935***@163.com","Configuration","XML","66"
"Frontend","hekmatyar_hj","1935***@163.com","Configuration","YAML","24"
"Frontend","hekmatyar_hj","1935***@163.com","FlutterBusiness","Dart","10011"
"Frontend","hekmatyar_hj","1935***@163.com","FlutterTest","Dart","4284"
"Frontend","hekmatyar_hj","1935***@163.com","Script","PowerShell","1624"
"Frontend","hekmatyar_hj","1935***@163.com","VueBusiness","SCSS","289"
"Frontend","hekmatyar_hj","1935***@163.com","VueBusiness","TypeScript","670"
"Frontend","hekmatyar_hj","1935***@163.com","VueBusiness","Vue","314"
"Frontend","hekmatyar_hj","1935***@163.com","VueTest","TypeScript","467"
